MMSI,NAVSTATUS,ROT,SOG,POSACCURACY,LON,LAT,COG,HEADING,REPORTTIME,IMO,CALLSIGN,NAME,SHIPTYPE,LENGTH,BREADTH,BOW,STERN,PORT,STARBOARD,FIXINGDEVICE,ETA,DEPTH,DESTINATION,MMSI,NAVSTATUS,ROT,SOG,POSACCURACY,LON,LAT,COG,HEADING,REPORTTIME,IMO,CALLSIGN,NAME,SHIPTYPE,LENGTH,BREADTH,BOW,STERN,PORT,STARBOARD,FIXINGDEVICE,ETA,DEPTH,DESTINATION
224549000,0,-128,9.1,0,-5.432711,36.14189,7,9,07-MAY-07 11.42.09 AM,9080015,EAJW,Ciudad De Malaga,6,140,18,0,0,0,0,0,05/07 - 16.30,3.7,Tanger,224549000,0,-128,91,0,-5.432711,36.14189,70,9,07-MAY-07 11.42.09 AM,9080015,EAJW,Ciudad De Malaga,6,140,18,0,0,0,0,0,05/07 - 16.30,3.7,Tanger
477992900,0,-128,13.1,0,-6.837645,36.980735,8,7,07-MAY-07 11.42.33 AM,9151448,VRAX7,Ennerdale,8,99,18,0,0,0,0,0,05/07 - 10.00,4.8,Huelva;spain,477992900,0,-128,131,0,-6.837645,36.980735,80,7,07-MAY-07 11.42.33 AM,9151448,VRAX7,Ennerdale,8,99,18,0,0,0,0,0,05/07 - 10.00,4.8,Huelva;spain
30450100,0,-128,0,0,-5.317264,35.8969,167,184,07-MAY-07 11.42.09 AM,7624348,V2XE,Sun,7,79,13,0,0,0,0,0,05/17 - 08.00,5.6,Alexandria,30450100,0,-128,0,0,-5.317264,35.8969,1670,184,07-MAY-07 11.42.09 AM,7624348,V2XE,Sun,7,79,13,0,0,0,0,0,05/17 - 08.00,5.6,Alexandria
538070186,0,-128,0,0,-5.356075,36.149559,325,277,07-MAY-07 11.42.23 AM,0,V7JJ6,Lady Zelda,37,40,8,0,0,0,0,0,05/09 - 07.00,2.8,Gibraltar,538070186,0,-128,0,0,-5.356075,36.149559,3250,277,07-MAY-07 11.42.23 AM,0,V7JJ6,Lady Zelda,37,40,8,0,0,0,0,0,05/09 - 07.00,2.8,Gibraltar
356876000,0,-128,14.1,0,-4.5683,36.071478,82,82,07-MAY-07 11.41.51 AM,7807988,3FOV6,M/v Aghia Markella,7,0,0,0,0,0,0,0,05/10 - 12.00,12,Kalamaki,356876000,0,-128,141,0,-4.5683,36.071478,820,82,07-MAY-07 11.41.51 AM,7807988,3FOV6,M/v Aghia Markella,7,0,0,0,0,0,0,0,05/10 - 12.00,12,Kalamaki
224604000,0,-128,5.6,0,-5.309239,35.896404,20,13,07-MAY-07 11.41.56 AM,9235866,EBSW,Euroferrys Pacifica,4,101,26,0,0,0,0,0,03/10 - 23.14,4.2,Algeciras,224604000,0,-128,56,0,-5.309239,35.896404,200,13,07-MAY-07 11.41.56 AM,9235866,EBSW,Euroferrys Pacifica,4,101,26,0,0,0,0,0,03/10 - 23.14,4.2,Algeciras
353728000,0,-128,25.2,0,-5.819924,35.902774,85,87,07-MAY-07 11.42.40 AM,9305702,3EFR7,Msc Madeleine,7,349,43,0,0,0,0,0,05/09 - 23.00,13.6,Suez,353728000,0,-128,252,0,-5.819924,35.902774,850,87,07-MAY-07 11.42.40 AM,9305702,3EFR7,Msc Madeleine,7,349,43,0,0,0,0,0,05/09 - 23.00,13.6,Suez
240513000,0,-128,26.5,0,-6.167684,35.891236,91,91,07-MAY-07 11.41.11 AM,9305594,SWWC,Cosco Yantian,7,351,43,0,0,0,0,0,05/10 - 22.00,12.7,Suez Canal,240513000,0,-128,265,0,-6.167684,35.891236,910,91,07-MAY-07 11.41.11 AM,9305594,SWWC,Cosco Yantian,7,351,43,0,0,0,0,0,05/10 - 22.00,12.7,Suez Canal
246002000,0,-128,12.5,0,-4.096494,36.141461,79,80,07-MAY-07 11.41.51 AM,8024040,PDBE,Coral Isis,8,114,18,0,0,0,0,0,05/09 - 02.00,6.7,Tarragona,246002000,0,-128,125,0,-4.096494,36.141461,790,80,07-MAY-07 11.41.51 AM,8024040,PDBE,Coral Isis,8,114,18,0,0,0,0,0,05/09 - 02.00,6.7,Tarragona
564929000,0,-128,12.5,0,-5.916988,35.897089,87,88,07-MAY-07 11.41.52 AM,9176034,S6TC,Eagle Augusta,8,243,42,0,0,0,0,0,05/07 - 16.00,8.4,Gibraltar,564929000,0,-128,125,0,-5.916988,35.897089,870,88,07-MAY-07 11.41.52 AM,9176034,S6TC,Eagle Augusta,8,243,42,0,0,0,0,0,05/07 - 16.00,8.4,Gibraltar
311719000,5,-128,0,0,-5.432446,36.128048,326,83,07-MAY-07 11.36.47 AM,7397024,C6TP2,Ibiza Cement,7,116,18,0,0,0,0,0,05/07 - 07.00,7.9,Algeciras,311719000,5,-128,0,0,-5.432446,36.128048,3260,83,07-MAY-07 11.36.47 AM,7397024,C6TP2,Ibiza Cement,7,116,18,0,0,0,0,0,05/07 - 07.00,7.9,Algeciras
355177000,1,-128,11.7,0,-5.564903,35.966772,254,254,07-MAY-07 11.41.58 AM,9151242,3FXH6,Stellar Forest,7,0,0,0,0,0,0,0,05/07 - 00.00,8.8,Gibraltar,355177000,1,-128,117,0,-5.564903,35.966772,2540,254,07-MAY-07 11.41.58 AM,9151242,3FXH6,Stellar Forest,7,0,0,0,0,0,0,0,05/07 - 00.00,8.8,Gibraltar
636090943,5,-128,0,0,-5.435529,36.143483,218,183,07-MAY-07 11.42.11 AM,9306550,A8HU8,Maersk Seoul,7,333,44,0,0,0,0,0,05/07 - 07.00,11.7,Algeciras,636090943,5,-128,0,0,-5.435529,36.143483,2180,183,07-MAY-07 11.42.11 AM,9306550,A8HU8,Maersk Seoul,7,333,44,0,0,0,0,0,05/07 - 07.00,11.7,Algeciras
205480000,0,-128,9.7,0,-6.401321,36.777298,71,70,07-MAY-07 11.42.35 AM,9068938,ONEK,La Belle De Cadix,6,103,10,0,0,0,0,0,05/06 - 06.00,1.8,Ayamonte,205480000,0,-128,97,0,-6.401321,36.777298,710,70,07-MAY-07 11.42.35 AM,9068938,ONEK,La Belle De Cadix,6,103,10,0,0,0,0,0,05/06 - 06.00,1.8,Ayamonte
447636000,0,-128,17.4,0,-4.887833,35.998808,81,82,07-MAY-07 11.42.27 AM,8901884,VRVU4,City Of Hamburg,7,182,31,0,0,0,0,0,05/12 - 02.00,10.5,Hamburg limassol,447636000,0,-128,174,0,-4.887833,35.998808,810,82,07-MAY-07 11.42.27 AM,8901884,VRVU4,City Of Hamburg,7,182,31,0,0,0,0,0,05/12 - 02.00,10.5,Hamburg limassol
477240400,0,-128,0,0,-5.376602,36.143553,229,326,07-MAY-07 11.41.46 AM,9288526,VRZY4,Pos Courage,7,225,32,0,0,0,0,0,05/07 - 10.30,14.3,Gibraltar,477240400,0,-128,0,0,-5.376602,36.143553,2290,326,07-MAY-07 11.41.46 AM,9288526,VRZY4,Pos Courage,7,225,32,0,0,0,0,0,05/07 - 10.30,14.3,Gibraltar
565223000,0,-128,15.9,0,-5.893768,35.917363,85,88,07-MAY-07 11.42.10 AM,9340465,9VBQ9,Pujawati,8,138,24,0,0,0,0,0,05/14 - 06.00,6.3,Ilichevsk,565223000,0,-128,159,0,-5.893768,35.917363,850,88,07-MAY-07 11.42.10 AM,9340465,9VBQ9,Pujawati,8,138,24,0,0,0,0,0,05/14 - 06.00,6.3,Ilichevsk
224101930,0,-128,0.2,0,-5.439412,36.127518,61,263,07-MAY-07 11.41.44 AM,9280378,EABZ,Spabunker Veintidos,8,82,16,0,0,0,0,0,00/00 - 20.00,5.3,Bahia Algeciras,224101930,0,-128,2,0,-5.439412,36.127518,610,263,07-MAY-07 11.41.44 AM,9280378,EABZ,Spabunker Veintidos,8,82,16,0,0,0,0,0,00/00 - 20.00,5.3,Bahia Algeciras
376621000,0,-128,13.7,0,-5.150092,36.03229,260,258,07-MAY-07 11.41.00 AM,7700049,J8B3539,Aegean Fantasy,7,147,25,0,0,0,0,0,05/08 - 04.00,6,Casablanca,376621000,0,-128,137,0,-5.150092,36.03229,2600,258,07-MAY-07 11.41.00 AM,7700049,J8B3539,Aegean Fantasy,7,147,25,0,0,0,0,0,05/08 - 04.00,6,Casablanca
371667000,0,-128,0.1,0,-5.316125,35.896684,138,299,07-MAY-07 11.42.29 AM,8002054,3EDV4,Ag Bless,7,105,16,0,0,0,0,0,05/08 - 13.00,6.5,Casablanca,371667000,0,-128,1,0,-5.316125,35.896684,1380,299,07-MAY-07 11.42.29 AM,8002054,3EDV4,Ag Bless,7,105,16,0,0,0,0,0,05/08 - 13.00,6.5,Casablanca
242023000,0,-128,16.6,0,-5.532676,35.9333,67,66,07-MAY-07 11.42.36 AM,7349601,CNUH,Boughaz,6,118,20,0,0,0,0,0,05/07 - 09.00,4.6,Tanger algeciras,242023000,0,-128,166,0,-5.532676,35.9333,670,66,07-MAY-07 11.42.36 AM,7349601,CNUH,Boughaz,6,118,20,0,0,0,0,0,05/07 - 09.00,4.6,Tanger algeciras
236109000,0,-128,11.9,0,-6.430904,36.02383,280,283,07-MAY-07 11.41.57 AM,8404991,ZDED2,Condock V,7,106,19,0,0,0,0,0,05/13 - 12.00,3.7,Bergen,236109000,0,-128,119,0,-6.430904,36.02383,2800,283,07-MAY-07 11.41.57 AM,8404991,ZDED2,Condock V,7,106,19,0,0,0,0,0,05/13 - 12.00,3.7,Bergen
247585000,0,-128,21.2,0,-4.759579,36.0796,265,265,07-MAY-07 11.41.51 AM,9164768,IBID,Cala Pula,7,190,24,0,0,0,0,0,05/14 - 23.30,7.2,Cartagena,247585000,0,-128,212,0,-4.759579,36.0796,2650,265,07-MAY-07 11.41.51 AM,9164768,IBID,Cala Pula,7,190,24,0,0,0,0,0,05/14 - 23.30,7.2,Cartagena
572354000,0,-128,2.1,0,-4.705626,36.012023,139,170,07-MAY-07 11.42.28 AM,9412323,T2PK2,Melwillch,7,100,15,0,0,0,0,0,00/00 - 00.00,0,,572354000,0,-128,21,0,-4.705626,36.012023,1390,170,07-MAY-07 11.42.28 AM,9412323,T2PK2,Melwillch,7,100,15,0,0,0,0,0,00/00 - 00.00,0,
372584000,0,-128,12.9,0,-4.688568,36.097726,265,265,07-MAY-07 11.41.47 AM,9358644,3EJP6,Stolt Swazi,8,144,25,0,0,0,0,0,05/11 - 13.15,9.5,Rotterdam,372584000,0,-128,129,0,-4.688568,36.097726,2650,265,07-MAY-07 11.41.47 AM,9358644,3EJP6,Stolt Swazi,8,144,25,0,0,0,0,0,05/11 - 13.15,9.5,Rotterdam
371248000,0,-128,0.1,0,-5.439403,36.148617,174,93,07-MAY-07 11.42.38 AM,7218668,3EBW9,Euroferrysatlantica,6,0,0,0,0,0,0,0,00/00 - 24.60,5.5,Algeciras Tanger Alg,371248000,0,-128,1,0,-5.439403,36.148617,1740,93,07-MAY-07 11.42.38 AM,7218668,3EBW9,Euroferrysatlantica,6,0,0,0,0,0,0,0,00/00 - 24.60,5.5,Algeciras Tanger Alg
351238000,1,-128,0,0,-5.947842,35.777504,236,19,07-MAY-07 11.41.11 AM,9263021,HO2419,Astraea 102,7,65,10,0,0,0,0,0,04/08 - 23.45,4.8,Morocco,351238000,1,-128,0,0,-5.947842,35.777504,2360,19,07-MAY-07 11.41.11 AM,9263021,HO2419,Astraea 102,7,65,10,0,0,0,0,0,04/08 - 23.45,4.8,Morocco
248915000,0,-128,11.8,0,-5.384332,36.023289,253,253,07-MAY-07 11.42.09 AM,9185279,9HVU6,Seafaith Ii,8,244,42,0,0,0,0,0,05/10 - 15.30,13.3,Milford Haven.uk,248915000,0,-128,118,0,-5.384332,36.023289,2530,253,07-MAY-07 11.42.09 AM,9185279,9HVU6,Seafaith Ii,8,244,42,0,0,0,0,0,05/10 - 15.30,13.3,Milford Haven.uk
271000732,0,-128,0,0,-5.31966,35.898258,172,120,07-MAY-07 11.42.42 AM,9303895,TCCR5,M\v Denizkonak,7,80,12,0,0,0,0,0,05/10 - 23.30,6.2,Sousse,271000732,0,-128,0,0,-5.31966,35.898258,1720,120,07-MAY-07 11.42.42 AM,9303895,TCCR5,M\v Denizkonak,7,80,12,0,0,0,0,0,05/10 - 23.30,6.2,Sousse
258679000,1,-128,0.1,0,-5.370964,36.135858,158,285,07-MAY-07 11.42.04 AM,9278480,LAVW5,Taunus,8,180,32,0,0,0,0,0,05/07 - 07.30,10.3,Gibraltar,258679000,1,-128,1,0,-5.370964,36.135858,1580,285,07-MAY-07 11.42.04 AM,9278480,LAVW5,Taunus,8,180,32,0,0,0,0,0,05/07 - 07.30,10.3,Gibraltar
215631000,0,-128,0,0,-5.37072,36.15604,95,327,07-MAY-07 11.42.13 AM,9036868,9HWD7,M/t Vemaoil Xi,8,105,16,0,0,0,0,0,05/05 - 22.00,6.8,Gibraltar,215631000,0,-128,0,0,-5.37072,36.15604,950,327,07-MAY-07 11.42.13 AM,9036868,9HWD7,M/t Vemaoil Xi,8,105,16,0,0,0,0,0,05/05 - 22.00,6.8,Gibraltar
211446000,0,-128,2.2,0,-5.39317,36.133798,355,353,07-MAY-07 11.42.12 AM,9030498,DQFL,Lass Uranus,7,75,11,0,0,0,0,0,05/07 - 14.30,4.3,Algeciras,211446000,0,-128,22,0,-5.39317,36.133798,3550,353,07-MAY-07 11.42.12 AM,9030498,DQFL,Lass Uranus,7,75,11,0,0,0,0,0,05/07 - 14.30,4.3,Algeciras
354943000,0,-128,13.8,0,-5.414785,36.148907,307,308,07-MAY-07 11.42.29 AM,7360667,H9XN,Sara1,6,119,19,0,0,0,0,0,07/14 - 16.00,5,Tanger.algeciras,354943000,0,-128,138,0,-5.414785,36.148907,3070,308,07-MAY-07 11.42.29 AM,7360667,H9XN,Sara1,6,119,19,0,0,0,0,0,07/14 - 16.00,5,Tanger.algeciras
636090923,0,-128,22.7,0,-4.579985,36.157712,83,79,07-MAY-07 11.42.26 AM,9289972,A8HN7,M/v Maersk Daesan,7,294,32,0,0,0,0,0,05/09 - 09.00,12.6,Gioia Tauro,636090923,0,-128,227,0,-4.579985,36.157712,830,79,07-MAY-07 11.42.26 AM,9289972,A8HN7,M/v Maersk Daesan,7,294,32,0,0,0,0,0,05/09 - 09.00,12.6,Gioia Tauro
224971000,5,-128,0.1,0,-5.797162,35.787727,308,142,07-MAY-07 11.42.20 AM,9216846,EBWL,Focs Tenerife,7,128,21,0,0,0,0,0,05/08 - 07.30,6.2,Cartagena,224971000,5,-128,1,0,-5.797162,35.787727,3080,142,07-MAY-07 11.42.20 AM,9216846,EBWL,Focs Tenerife,7,128,21,0,0,0,0,0,05/08 - 07.30,6.2,Cartagena
538090288,0,-128,19.5,0,-5.14504,36.046021,258,258,07-MAY-07 11.42.24 AM,9225421,V7MA2,Maersk Itajai,7,194,28,0,0,0,0,0,05/16 - 20.00,8.7,Panama Canal,538090288,0,-128,195,0,-5.14504,36.046021,2580,258,07-MAY-07 11.42.24 AM,9225421,V7MA2,Maersk Itajai,7,194,28,0,0,0,0,0,05/16 - 20.00,8.7,Panama Canal
224570000,0,-128,13.4,0,-4.21826,36.163792,260,285,07-MAY-07 11.41.49 AM,8522315,EASZ,Gema B,7,165,23,0,0,0,0,0,05/09 - 21.00,8.6,Tenerife,224570000,0,-128,134,0,-4.21826,36.163792,2600,285,07-MAY-07 11.41.49 AM,8522315,EASZ,Gema B,7,165,23,0,0,0,0,0,05/09 - 21.00,8.6,Tenerife
242024000,0,-128,0,0,-5.803062,35.790917,0,257,07-MAY-07 11.42.25 AM,7360629,CNA3663,Al Mansour,6,120,20,0,0,0,0,0,03/25 - 15.45,5.2,Algeciras tanger,242024000,0,-128,0,0,-5.803062,35.790917,0,257,07-MAY-07 11.42.25 AM,7360629,CNA3663,Al Mansour,6,120,20,0,0,0,0,0,03/25 - 15.45,5.2,Algeciras tanger
319619000,0,-128,0.1,0,-5.35612,36.149477,117,267,07-MAY-07 11.42.29 AM,9334478,ZCOR3,Nice N Easy,0,48,10,0,0,0,0,0,05/06 - 20.00,2.4,Gibraltar,319619000,0,-128,1,0,-5.35612,36.149477,1170,267,07-MAY-07 11.42.29 AM,9334478,ZCOR3,Nice N Easy,0,48,10,0,0,0,0,0,05/06 - 20.00,2.4,Gibraltar
224783000,0,-128,0,0,-5.431067,36.132699,-1,5,07-MAY-07 11.41.58 AM,9320116,ECII,Miguel De Cervantes,51,56,15,0,0,0,0,0,04/28 - 17.30,6.4,Algeciras,224783000,0,-128,0,0,-5.431067,36.132699,-10,5,07-MAY-07 11.41.58 AM,9320116,ECII,Miguel De Cervantes,51,56,15,0,0,0,0,0,04/28 - 17.30,6.4,Algeciras
236254000,0,-128,0.3,0,-5.365853,36.120973,169,167,07-MAY-07 11.42.27 AM,8111257,ZDGJ8,Aegean Tulip,8,90,16,0,0,0,0,0,09/12 - 16.00,6.1,Gibraltar,236254000,0,-128,3,0,-5.365853,36.120973,1690,167,07-MAY-07 11.42.27 AM,8111257,ZDGJ8,Aegean Tulip,8,90,16,0,0,0,0,0,09/12 - 16.00,6.1,Gibraltar
242052000,8,-128,0.1,0,-5.802954,35.789289,288,255,07-MAY-07 11.42.06 AM,7361049,CNA3863,Cf Atlas,1,115,18,0,0,0,0,0,05/07 - 02.40,4.4,Algeciras,242052000,8,-128,1,0,-5.802954,35.789289,2880,255,07-MAY-07 11.42.06 AM,7361049,CNA3863,Cf Atlas,1,115,18,0,0,0,0,0,05/07 - 02.40,4.4,Algeciras
248026000,0,-128,12.1,0,-4.784576,36.047305,80,83,07-MAY-07 11.41.47 AM,8124840,9HOO5,Minoan Hope,7,224,32,0,0,0,0,0,05/13 - 08.00,12.1,Suez,248026000,0,-128,121,0,-4.784576,36.047305,800,83,07-MAY-07 11.41.47 AM,8124840,9HOO5,Minoan Hope,7,224,32,0,0,0,0,0,05/13 - 08.00,12.1,Suez
308664000,0,-128,12.6,0,-5.504072,35.981768,252,252,07-MAY-07 11.41.53 AM,9321964,C6VR8,Oklahoma,8,238,42,0,0,0,0,0,05/10 - 22.30,12.5,Fawley,308664000,0,-128,126,0,-5.504072,35.981768,2520,252,07-MAY-07 11.41.53 AM,9321964,C6VR8,Oklahoma,8,238,42,0,0,0,0,0,05/10 - 22.30,12.5,Fawley
211843000,5,-128,0.1,0,-5.365407,36.14615,186,219,07-MAY-07 11.40.55 AM,8914154,DMXJ,Sirus P,7,0,0,0,0,0,0,0,05/12 - 18.00,5.3,Cardiff,211843000,5,-128,1,0,-5.365407,36.14615,1860,219,07-MAY-07 11.40.55 AM,8914154,DMXJ,Sirus P,7,0,0,0,0,0,0,0,05/12 - 18.00,5.3,Cardiff
351339000,0,-128,11.6,0,-5.395078,36.009062,254,254,07-MAY-07 11.39.09 AM,9238571,H3XM,Cape Orchid,7,289,45,0,0,0,0,0,05/11 - 19.00,17.6,Rotterdam,351339000,0,-128,116,0,-5.395078,36.009062,2540,254,07-MAY-07 11.39.09 AM,9238571,H3XM,Cape Orchid,7,289,45,0,0,0,0,0,05/11 - 19.00,17.6,Rotterdam
305011000,0,-128,10.4,0,-6.590534,36.068783,283,288,07-MAY-07 11.42.21 AM,9356854,V2CI5,Bondenau,7,90,12,0,0,0,0,0,05/12 - 11.00,5.6,Rotterdam,305011000,0,-128,104,0,-6.590534,36.068783,2830,288,07-MAY-07 11.42.21 AM,9356854,V2CI5,Bondenau,7,90,12,0,0,0,0,0,05/12 - 11.00,5.6,Rotterdam
224778000,0,-128,0,0,-5.441514,36.128065,264,275,07-MAY-07 11.41.45 AM,9043952,EAQM,Patricia Olivia,4,74,26,0,0,0,0,0,00/00 - 00.00,3.5,Algeciras-ceuta,224778000,0,-128,0,0,-5.441514,36.128065,2640,275,07-MAY-07 11.41.45 AM,9043952,EAQM,Patricia Olivia,4,74,26,0,0,0,0,0,00/00 - 00.00,3.5,Algeciras-ceuta
372697000,1,-128,0.1,0,-5.387054,36.168244,26,159,07-MAY-07 11.41.05 AM,9344320,3EKE4,M/t Narcea,8,100,15,0,0,0,0,0,05/07 - 04.00,5.9,Algeciras,372697000,1,-128,1,0,-5.387054,36.168244,260,159,07-MAY-07 11.41.05 AM,9344320,3EKE4,M/t Narcea,8,100,15,0,0,0,0,0,05/07 - 04.00,5.9,Algeciras
477991300,0,-128,11.1,0,-6.634993,35.778695,242,241,07-MAY-07 11.38.32 AM,8109979,VRAV6,Hebei Pioneer,7,270,43,0,0,0,0,0,05/19 - 23.40,10,Brazil,477991300,0,-128,111,0,-6.634993,35.778695,2420,241,07-MAY-07 11.38.32 AM,8109979,VRAV6,Hebei Pioneer,7,270,43,0,0,0,0,0,05/19 - 23.40,10,Brazil
246443000,0,-128,11.6,0,-6.677931,36.002897,104,107,07-MAY-07 11.41.59 AM,9195834,PDAP,Transitorius,7,95,13,0,0,0,0,0,05/09 - 11.00,6.4,Castellon,246443000,0,-128,116,0,-6.677931,36.002897,1040,107,07-MAY-07 11.41.59 AM,9195834,PDAP,Transitorius,7,95,13,0,0,0,0,0,05/09 - 11.00,6.4,Castellon
304234000,5,-128,0.1,0,-5.321502,35.898463,180,271,07-MAY-07 11.39.15 AM,9235505,V2PR7,River Aln,7,88,14,0,0,0,0,0,05/07 - 22.00,6.5,Motril,304234000,5,-128,1,0,-5.321502,35.898463,1800,271,07-MAY-07 11.39.15 AM,9235505,V2PR7,River Aln,7,88,14,0,0,0,0,0,05/07 - 22.00,6.5,Motril
636091180,1,-128,0.2,0,-5.4111,36.158256,53,157,07-MAY-07 11.33.56 AM,9082374,A8KI3,Northern Delight,7,174,26,0,0,0,0,0,05/07 - 15.00,6.6,Algeciras,636091180,1,-128,2,0,-5.4111,36.158256,530,157,07-MAY-07 11.33.56 AM,9082374,A8KI3,Northern Delight,7,174,26,0,0,0,0,0,05/07 - 15.00,6.6,Algeciras
636012379,0,-128,16.5,0,-6.611062,35.906038,257,258,07-MAY-07 11.41.46 AM,9295581,A8FD4,Hassi Messaoud 2,8,205,33,0,0,0,0,0,05/18 - 19.00,11.1,Us Gulf,636012379,0,-128,165,0,-6.611062,35.906038,2570,258,07-MAY-07 11.41.46 AM,9295581,A8FD4,Hassi Messaoud 2,8,205,33,0,0,0,0,0,05/18 - 19.00,11.1,Us Gulf
242043000,0,-128,0.1,0,-5.80063,35.786687,159,53,07-MAY-07 11.41.40 AM,8412819,CNBT,C.f Marrakech,6,126,21,0,0,0,0,0,05/07 - 09.00,5.2,Tanger,242043000,0,-128,1,0,-5.80063,35.786687,1590,53,07-MAY-07 11.41.40 AM,8412819,CNBT,C.f Marrakech,6,126,21,0,0,0,0,0,05/07 - 09.00,5.2,Tanger
314220000,0,-128,10.6,0,-4.905264,36.032947,81,89,07-MAY-07 11.41.34 AM,9005742,8PTC,Wilson Dvina,7,87,12,0,0,0,0,0,05/10 - 06.00,5.2,Skikda,314220000,0,-128,106,0,-4.905264,36.032947,810,89,07-MAY-07 11.41.34 AM,9005742,8PTC,Wilson Dvina,7,87,12,0,0,0,0,0,05/10 - 06.00,5.2,Skikda
265513990,8,-128,0.1,0,-4.415588,36.714003,175,161,07-MAY-07 11.41.44 AM,1000655,SHUT,Amorina,36,0,0,0,0,0,0,0,01/10 - 21.00,4.5,Malaga,265513990,8,-128,1,0,-4.415588,36.714003,1750,161,07-MAY-07 11.41.44 AM,1000655,SHUT,Amorina,36,0,0,0,0,0,0,0,01/10 - 21.00,4.5,Malaga
304354000,3,-128,7.7,0,-6.617296,35.994881,104,101,07-MAY-07 11.42.41 AM,7517052,V2EI,Salus,52,30,8,0,0,0,0,0,05/22 - 14.00,4.2,Haifa,304354000,3,-128,77,0,-6.617296,35.994881,1040,101,07-MAY-07 11.42.41 AM,7517052,V2EI,Salus,52,30,8,0,0,0,0,0,05/22 - 14.00,4.2,Haifa
39568615,0,-128,0,0,-6.284403,36.532373,1,127,07-MAY-07 11.42.26 AM,0,XYG\SG\,P*].2gzwamyr\3h3.gh,0,0,0,0,0,0,0,0,00/00 - 00.00,0,,39568615,0,-128,0,0,-6.284403,36.532373,10,127,07-MAY-07 11.42.26 AM,0,XYG\SG\,P*].2gzwamyr\3h3.gh,0,0,0,0,0,0,0,0,00/00 - 00.00,0,
215784000,0,-128,17.5,0,-5.335692,35.979284,82,73,07-MAY-07 11.42.02 AM,8919788,9HAO8,Gascogne,7,123,22,0,0,0,0,0,05/10 - 10.00,6,Marsaxlokk,215784000,0,-128,175,0,-5.335692,35.979284,820,73,07-MAY-07 11.42.02 AM,8919788,9HAO8,Gascogne,7,123,22,0,0,0,0,0,05/10 - 10.00,6,Marsaxlokk
304408000,0,-128,14.4,0,-5.461242,36.000945,254,253,07-MAY-07 11.40.02 AM,9242572,V2OE7,Gracechurch Star,7,133,19,0,0,0,0,0,05/08 - 19.00,7.8,Porto D Leixoes,304408000,0,-128,144,0,-5.461242,36.000945,2540,253,07-MAY-07 11.40.02 AM,9242572,V2OE7,Gracechurch Star,7,133,19,0,0,0,0,0,05/08 - 19.00,7.8,Porto D Leixoes
334980000,5,-128,0.2,0,-5.314546,35.896057,221,271,07-MAY-07 11.41.56 AM,7026871,HQVV2,Khalifeh Livestock,7,81,14,0,0,0,0,0,05/07 - 06.00,5.5,Ceuta-spain,334980000,5,-128,2,0,-5.314546,35.896057,2210,271,07-MAY-07 11.41.56 AM,7026871,HQVV2,Khalifeh Livestock,7,81,14,0,0,0,0,0,05/07 - 06.00,5.5,Ceuta-spain
353611000,1,-128,0,0,-5.359674,36.122179,355,196,07-MAY-07 11.39.45 AM,7022356,HPJV,M/v. -=kenoz=-,7,183,20,0,0,0,0,0,05/07 - 05.00,7.7,Gibraltar,353611000,1,-128,0,0,-5.359674,36.122179,3550,196,07-MAY-07 11.39.45 AM,7022356,HPJV,M/v. -=kenoz=-,7,183,20,0,0,0,0,0,05/07 - 05.00,7.7,Gibraltar
304214000,0,-128,9.7,0,-6.797781,36.083453,289,290,07-MAY-07 11.38.34 AM,9192636,V2OD1,Korsika,7,102,13,0,0,0,0,0,05/12 - 08.00,6,Avonmouth,304214000,0,-128,97,0,-6.797781,36.083453,2890,290,07-MAY-07 11.38.34 AM,9192636,V2OD1,Korsika,7,102,13,0,0,0,0,0,05/12 - 08.00,6,Avonmouth
224264000,8,-128,15.7,0,-5.408126,36.14599,319,316,07-MAY-07 11.41.44 AM,9316646,ECGW,Nixe,6,63,16,0,0,0,0,0,08/29 - 22.30,1.8,Alg-ceu,224264000,8,-128,157,0,-5.408126,36.14599,3190,316,07-MAY-07 11.41.44 AM,9316646,ECGW,Nixe,6,63,16,0,0,0,0,0,08/29 - 22.30,1.8,Alg-ceu
220124000,0,-128,8,0,-4.916001,36.003254,84,93,07-MAY-07 11.42.17 AM,7822421,OUJB2,Westsund,52,33,10,0,0,0,0,0,05/09 - 10.00,4.7,Tenes(algiria),220124000,0,-128,80,0,-4.916001,36.003254,840,93,07-MAY-07 11.42.17 AM,7822421,OUJB2,Westsund,52,33,10,0,0,0,0,0,05/09 - 10.00,4.7,Tenes(algiria)
563812000,0,-128,20.6,0,-4.782806,36.099738,261,259,07-MAY-07 11.42.06 AM,9294862,S6AV2,Wan Hai 503,7,270,32,0,0,0,0,0,05/10 - 12.30,12.5,Rotterdam,563812000,0,-128,206,0,-4.782806,36.099738,2610,259,07-MAY-07 11.42.06 AM,9294862,S6AV2,Wan Hai 503,7,270,32,0,0,0,0,0,05/10 - 12.30,12.5,Rotterdam
242570000,0,-128,28.5,0,-5.609623,35.993904,45,45,07-MAY-07 11.41.56 AM,9127758,CNA2530,Tanger Jet,4,60,18,0,0,0,0,0,00/00 - 00.00,2.4,Tanger-tarifa-tanger,242570000,0,-128,285,0,-5.609623,35.993904,450,45,07-MAY-07 11.41.56 AM,9127758,CNA2530,Tanger Jet,4,60,18,0,0,0,0,0,00/00 - 00.00,2.4,Tanger-tarifa-tanger
271000319,0,-128,10.2,0,-5.0765,36.061225,256,252,07-MAY-07 11.42.24 AM,8884555,TCEO,Bahar-k,7,121,17,0,0,0,0,0,05/12 - 15.00,7.6,Rotterdam,271000319,0,-128,102,0,-5.0765,36.061225,2560,252,07-MAY-07 11.42.24 AM,8884555,TCEO,Bahar-k,7,121,17,0,0,0,0,0,05/12 - 15.00,7.6,Rotterdam
635022000,0,-128,0,0,-5.439561,36.12741,236,262,07-MAY-07 11.42.28 AM,9256365,FWAJ,Marfret Durande,7,175,27,0,0,0,0,0,05/06 - 08.00,8.8,Algeciras,635022000,0,-128,0,0,-5.439561,36.12741,2360,262,07-MAY-07 11.42.28 AM,9256365,FWAJ,Marfret Durande,7,175,27,0,0,0,0,0,05/06 - 08.00,8.8,Algeciras
209691000,5,-128,0.1,0,-5.798304,35.791037,177,96,07-MAY-07 11.36.13 AM,7927984,P3US9,Thomson Destiny,6,214,32,0,0,0,0,0,05/08 - 06.00,7.5,Malaga,209691000,5,-128,1,0,-5.798304,35.791037,1770,96,07-MAY-07 11.36.13 AM,7927984,P3US9,Thomson Destiny,6,214,32,0,0,0,0,0,05/08 - 06.00,7.5,Malaga
210260000,1,-128,0.1,0,-5.363888,36.126277,193,252,07-MAY-07 11.40.51 AM,9136539,P3YM9,Rubia,7,169,26,0,0,0,0,0,05/17 - 23.00,9.5,Itaqui,210260000,1,-128,1,0,-5.363888,36.126277,1930,252,07-MAY-07 11.40.51 AM,9136539,P3YM9,Rubia,7,169,26,0,0,0,0,0,05/17 - 23.00,9.5,Itaqui
224983000,8,-128,0,0,-5.316708,35.898756,0,119,07-MAY-07 11.42.30 AM,9260495,ECBP,Mar Maria,8,102,14,0,0,0,0,0,05/07 - 01.00,5.8,Ceuta,224983000,8,-128,0,0,-5.316708,35.898756,0,119,07-MAY-07 11.42.30 AM,9260495,ECBP,Mar Maria,8,102,14,0,0,0,0,0,05/07 - 01.00,5.8,Ceuta
236000140,0,-128,0.1,0,-5.359501,36.122538,164,203,07-MAY-07 11.41.52 AM,8837875,ZDCL4,Caleta,8,62,16,0,0,0,0,0,11/13 - 01.12,2.5,Gibraltarbay,236000140,0,-128,1,0,-5.359501,36.122538,1640,203,07-MAY-07 11.41.52 AM,8837875,ZDCL4,Caleta,8,62,16,0,0,0,0,0,11/13 - 01.12,2.5,Gibraltarbay
215705000,0,-128,14.1,0,-6.76837,36.88809,344,345,07-MAY-07 11.39.58 AM,9282821,9HUZ7,Hope A,8,176,31,0,0,0,0,0,05/06 - 23.00,7.7,Huelva,215705000,0,-128,141,0,-6.76837,36.88809,3440,345,07-MAY-07 11.39.58 AM,9282821,9HUZ7,Hope A,8,176,31,0,0,0,0,0,05/06 - 23.00,7.7,Huelva
564097000,0,-128,17.7,0,-5.464535,35.952306,74,75,07-MAY-07 11.41.40 AM,9215050,S6CF8,Donax,8,244,42,0,0,0,0,0,05/22 - 08.00,9.6,Ras Laffan,564097000,0,-128,177,0,-5.464535,35.952306,740,75,07-MAY-07 11.41.40 AM,9215050,S6CF8,Donax,8,244,42,0,0,0,0,0,05/22 - 08.00,9.6,Ras Laffan
224174000,0,-128,8.4,0,-5.431167,36.148333,242,235,07-MAY-07 11.41.51 AM,9081693,ECJH,Jaume I,4,77,26,0,0,0,0,0,08/30 - 16.00,3,Algeciras  Tanger,224174000,0,-128,84,0,-5.431167,36.148333,2420,235,07-MAY-07 11.41.51 AM,9081693,ECJH,Jaume I,4,77,26,0,0,0,0,0,08/30 - 16.00,3,Algeciras  Tanger
224704000,9,-128,25.9,0,-5.385554,36.07926,163,165,07-MAY-07 11.41.43 AM,9170183,ECKJ,Avemar Dos,4,82,23,0,0,0,0,0,03/10 - 12.00,2.4,Algeciras Ceuta,224704000,9,-128,259,0,-5.385554,36.07926,1630,165,07-MAY-07 11.41.43 AM,9170183,ECKJ,Avemar Dos,4,82,23,0,0,0,0,0,03/10 - 12.00,2.4,Algeciras Ceuta
636091013,0,-128,0.2,0,-5.370263,36.141978,243,277,07-MAY-07 11.42.23 AM,9143752,A8IO9,Eastern Bay,7,143,22,0,0,0,0,0,07/05 - 00.00,5.4,Gibraltar,636091013,0,-128,2,0,-5.370263,36.141978,2430,277,07-MAY-07 11.42.23 AM,9143752,A8IO9,Eastern Bay,7,143,22,0,0,0,0,0,07/05 - 00.00,5.4,Gibraltar
224498000,0,-128,13.4,0,-5.343616,35.97368,351,189,07-MAY-07 11.42.25 AM,7615359,EHHN,Lidon-b,7,102,18,0,0,0,0,0,03/15 - 10.00,5,Algeciras ceuta,224498000,0,-128,134,0,-5.343616,35.97368,3510,189,07-MAY-07 11.42.25 AM,7615359,EHHN,Lidon-b,7,102,18,0,0,0,0,0,03/15 - 10.00,5,Algeciras ceuta
635009500,0,-128,11.9,0,-6.087649,35.961373,271,272,07-MAY-07 11.42.00 AM,9310393,FMEI,M\t Fs-pauline,8,105,20,0,0,0,0,0,05/11 - 01.00,6.6,Donges,635009500,0,-128,119,0,-6.087649,35.961373,2710,272,07-MAY-07 11.42.00 AM,9310393,FMEI,M\t Fs-pauline,8,105,20,0,0,0,0,0,05/11 - 01.00,6.6,Donges
224127820,0,-128,0,0,-5.430615,36.136716,0,181,07-MAY-07 11.42.37 AM,9312274,ECFT,Bahia Uno,1,71,12,0,0,0,0,0,00/00 - 24.60,5.3,Algeciras,224127820,0,-128,0,0,-5.430615,36.136716,0,181,07-MAY-07 11.42.37 AM,9312274,ECFT,Bahia Uno,1,71,12,0,0,0,0,0,00/00 - 24.60,5.3,Algeciras
354576000,0,-128,0,0,-5.366991,36.12078,342,225,07-MAY-07 11.41.27 AM,7903275,HPKO,Pemi,7,222,32,0,0,0,0,0,05/07 - 06.00,7.7,Gibraltar,354576000,0,-128,0,0,-5.366991,36.12078,342,225,07-MAY-07 11.41.27 AM,7903275,HPKO,Pemi,7,222,32,0,0,0,0,0,05/07 - 06.00,7.7,Gibraltar
236197000,0,-128,0.1,0,-5.36249,36.126627,195,48,07-MAY-07 11.41.28 AM,7729019,ZDFQ6,Aegean Rose,8,107,14,0,0,0,0,0,11/16 - 10.00,6.1,Gibraltar,236197000,0,-128,1,0,-5.36249,36.126627,1950,48,07-MAY-07 11.41.28 AM,7729019,ZDFQ6,Aegean Rose,8,107,14,0,0,0,0,0,11/16 - 10.00,6.1,Gibraltar
215059000,1,-128,8.4,0,-5.960951,35.966746,272,271,07-MAY-07 11.39.54 AM,8867210,,Cherokee,7,139,17,0,0,0,0,0,05/08 - 09.00,3.9,Casablanca,215059000,1,-128,84,0,-5.960951,35.966746,2720,271,07-MAY-07 11.39.54 AM,8867210,,Cherokee,7,139,17,0,0,0,0,0,05/08 - 09.00,3.9,Casablanca
224142890,8,-128,5.7,0,-5.417996,36.156762,47,45,07-MAY-07 11.42.13 AM,9296638,ECIK,Spabunker Treinta,8,85,16,0,0,0,0,0,06/13 - 08.49,5.5,Bahia Algeciras,224142890,8,-128,57,0,-5.417996,36.156762,470,45,07-MAY-07 11.42.13 AM,9296638,ECIK,Spabunker Treinta,8,85,16,0,0,0,0,0,06/13 - 08.49,5.5,Bahia Algeciras
242026000,8,-128,0,0,-5.437394,36.132049,101,335,07-MAY-07 11.42.21 AM,7813949,CNA3723,Ibn Batouta,6,129,21,0,0,0,0,0,00/00 - 00.00,5,,242026000,8,-128,0,0,-5.437394,36.132049,1010,335,07-MAY-07 11.42.21 AM,7813949,CNA3723,Ibn Batouta,6,129,21,0,0,0,0,0,00/00 - 00.00,5,
209375000,0,-128,29.8,0,-5.755865,35.933201,193,192,07-MAY-07 11.42.10 AM,9150999,C4NX2,Tarifa Jet,4,86,26,0,0,0,0,0,00/00 - 00.00,3.5,Tanger Tarifa,209375000,0,-128,298,0,-5.755865,35.933201,1930,192,07-MAY-07 11.42.10 AM,9150999,C4NX2,Tarifa Jet,4,86,26,0,0,0,0,0,00/00 - 00.00,3.5,Tanger Tarifa
236351000,1,-128,0.1,0,-5.361378,36.116434,198,173,07-MAY-07 11.39.55 AM,8315645,ZDHR6,Europa    Venture,8,234,32,0,0,0,0,0,03/26 - 15.30,8,Gibraltar,236351000,1,-128,1,0,-5.361378,36.116434,1980,173,07-MAY-07 11.39.55 AM,8315645,ZDHR6,Europa    Venture,8,234,32,0,0,0,0,0,03/26 - 15.30,8,Gibraltar
224898000,9,-128,0.1,0,-5.4387,36.129513,128,233,07-MAY-07 11.42.24 AM,9206700,EAWK,Alboran,4,96,26,0,0,0,0,0,01/01 - 01.00,4.2,Sp Ceuta algeciras,224898000,9,-128,1,0,-5.4387,36.129513,1280,233,07-MAY-07 11.42.24 AM,9206700,EAWK,Alboran,4,96,26,0,0,0,0,0,01/01 - 01.00,4.2,Sp Ceuta algeciras
215648000,1,-128,0.8,0,-5.403696,36.11561,139,139,07-MAY-07 11.40.12 AM,8913215,9HWO7,Gas Crystal,1,106,16,0,0,0,0,0,05/03 - 07.00,5.3,Algeciras,215648000,1,-128,8,0,-5.403696,36.11561,1390,139,07-MAY-07 11.40.12 AM,8913215,9HWO7,Gas Crystal,1,106,16,0,0,0,0,0,05/03 - 07.00,5.3,Algeciras
220517000,0,-128,15.3,0,-6.013869,35.959232,269,269,07-MAY-07 11.40.29 AM,9328144,OXSP2,Gotland Sofia,8,183,32,0,0,0,0,0,05/11 - 11.00,13,Rotterdam,220517000,0,-128,153,0,-6.013869,35.959232,2690,269,07-MAY-07 11.40.29 AM,9328144,OXSP2,Gotland Sofia,8,183,32,0,0,0,0,0,05/11 - 11.00,13,Rotterdam
423213810,15,-128,0,0,-4.95309,36.48484,75,63,07-MAY-07 11.41.45 AM,1003827,GGGH,Lady Haya,0,65,10,0,0,0,0,0,01/01 - 00.00,0,,423213810,15,-128,0,0,-4.95309,36.48484,750,63,07-MAY-07 11.41.45 AM,1003827,GGGH,Lady Haya,0,65,10,0,0,0,0,0,01/01 - 00.00,0,
224674000,0,-128,12.4,0,-6.005541,35.773514,36,31,07-MAY-07 11.41.45 AM,7819101,EAHE,Gloria Del Mar,7,123,20,0,0,0,0,0,05/09 - 00.00,6.9,Valencia,224674000,0,-128,124,0,-6.005541,35.773514,360,31,07-MAY-07 11.41.45 AM,7819101,EAHE,Gloria Del Mar,7,123,20,0,0,0,0,0,05/09 - 00.00,6.9,Valencia
211233870,0,-128,13.6,0,-4.944762,36.193271,46,47,07-MAY-07 11.42.14 AM,9123300,DIUT,Forester,7,100,17,0,0,0,0,0,04/10 - 08.00,7.3,Genova,211233870,0,-128,136,0,-4.944762,36.193271,460,47,07-MAY-07 11.42.14 AM,9123300,DIUT,Forester,7,100,17,0,0,0,0,0,04/10 - 08.00,7.3,Genova
242505000,0,-128,0.1,0,-5.436954,36.148494,280,91,07-MAY-07 11.42.37 AM,8901640,CNA2292,M V Toubkal,7,133,22,0,0,0,0,0,04/05 - 05.00,8.2,Tanger,242505000,0,-128,1,0,-5.436954,36.148494,2800,91,07-MAY-07 11.42.37 AM,8901640,CNA2292,M V Toubkal,7,133,22,0,0,0,0,0,04/05 - 05.00,8.2,Tanger
242,15,-128,0.1,0,-5.290433,35.680672,210,305,07-MAY-07 11.41.53 AM,0,CNMO,Cabo Negro,1,20,2,0,0,0,0,0,00/00 - 24.60,0,,242.000,15,-128,1,0,-5.290433,35.680672,2100,305,07-MAY-07 11.41.53 AM,0,CNMO,Cabo Negro,1,20,2,0,0,0,0,0,00/00 - 24.60,0,
636009129,0,-128,14.8,0,-5.631223,35.912486,86,86,07-MAY-07 11.41.41 AM,7923548,ELMG2,Atlantic Express,7,193,23,0,0,0,0,0,05/13 - 06.00,10.3,Port Said,636009129,0,-128,148,0,-5.631223,35.912486,860,86,07-MAY-07 11.41.41 AM,7923548,ELMG2,Atlantic Express,7,193,23,0,0,0,0,0,05/13 - 06.00,10.3,Port Said
215552000,1,-128,0.1,0,-5.378232,36.137274,191,282,07-MAY-07 11.42.31 AM,8325066,9HTI7,Vemabaltic,8,246,42,0,0,0,0,0,03/13 - 22.25,11,Gibraltar,215552000,1,-128,1,0,-5.378232,36.137274,1910,282,07-MAY-07 11.42.31 AM,8325066,9HTI7,Vemabaltic,8,246,42,0,0,0,0,0,03/13 - 22.25,11,Gibraltar
226235000,3,-128,0.7,0,-5.258508,36.049238,31,349,07-MAY-07 11.41.47 AM,9247039,FOUD,Ile De Sein,9,0,0,0,0,0,0,0,05/03 - 08.00,6.9,Cable Laying,226235000,3,-128,7,0,-5.258508,36.049238,310,349,07-MAY-07 11.41.47 AM,9247039,FOUD,Ile De Sein,9,0,0,0,0,0,0,0,05/03 - 08.00,6.9,Cable Laying
215771000,0,-128,18.8,0,-4.793187,36.185671,263,263,07-MAY-07 11.42.02 AM,9292151,9HZX7,Maersk Dortmund,7,294,32,0,0,0,0,0,07/05 - 16.00,12.4,Algeciras,215771000,0,-128,188,0,-4.793187,36.185671,2630,263,07-MAY-07 11.42.02 AM,9292151,9HZX7,Maersk Dortmund,7,294,32,0,0,0,0,0,07/05 - 16.00,12.4,Algeciras
215962009,1,-128,0,0,-5.416141,36.142919,117,194,07-MAY-07 11.37.29 AM,8618413,9HGO8,Horizon,7,166,26,0,0,0,0,0,04/06 - 18.00,9,Algeciras,215962009,1,-128,0,0,-5.416141,36.142919,1170,194,07-MAY-07 11.37.29 AM,8618413,9HGO8,Horizon,7,166,26,0,0,0,0,0,04/06 - 18.00,9,Algeciras
211448000,1,-128,0.2,0,-5.411894,36.137581,305,190,07-MAY-07 11.40.24 AM,9060273,DGHR,Harmony,7,168,27,0,0,0,0,0,06/05 - 23.00,7,Algeciras,211448000,1,-128,2,0,-5.411894,36.137581,3050,190,07-MAY-07 11.40.24 AM,9060273,DGHR,Harmony,7,168,27,0,0,0,0,0,06/05 - 23.00,7,Algeciras
237825000,0,-128,12.3,0,-6.098454,35.901118,90,86,07-MAY-07 11.41.52 AM,8106367,SWVO,Desert Voyager,7,190,31,0,0,0,0,0,05/12 - 17.00,11.2,Nemrut.turkey,237825000,0,-128,123,0,-6.098454,35.901118,900,86,07-MAY-07 11.41.52 AM,8106367,SWVO,Desert Voyager,7,190,31,0,0,0,0,0,05/12 - 17.00,11.2,Nemrut.turkey
353271000,5,-128,0.1,0,-5.366249,36.147011,167,358,07-MAY-07 11.31.54 AM,8402371,3FEA4,Bellona,7,184,32,0,0,0,0,0,05/08 - 03.00,8.1,Casablanca,353271000,5,-128,1,0,-5.366249,36.147011,1670,358,07-MAY-07 11.31.54 AM,8402371,3FEA4,Bellona,7,184,32,0,0,0,0,0,05/08 - 03.00,8.1,Casablanca
242008100,0,-128,0,0,-5.926097,35.789047,88,306,07-MAY-07 11.40.20 AM,0,CNA4020,Cap_cpartel Mr,0,0,0,0,0,0,0,0,00/00 - 00.00,0,,242008100,0,-128,0,0,-5.926097,35.789047,880,306,07-MAY-07 11.40.20 AM,0,CNA4020,Cap_cpartel Mr,0,0,0,0,0,0,0,0,00/00 - 00.00,0,
235403000,0,-128,10.5,0,-4.764545,36.037259,269,268,07-MAY-07 11.41.53 AM,7928641,VSPU6,London Bridge,1,111,16,0,0,0,0,0,05/08 - 04.00,6.2,Mohammdia,235403000,0,-128,105,0,-4.764545,36.037259,2690,268,07-MAY-07 11.41.53 AM,7928641,VSPU6,London Bridge,1,111,16,0,0,0,0,0,05/08 - 04.00,6.2,Mohammdia
239597000,1,-128,0,0,-5.305746,36.145387,252,207,07-MAY-07 11.39.53 AM,9103831,SXJQ,Theodoros Iv,8,183,32,0,0,0,0,0,05/06 - 07.30,8.2,Gibraltar-order,239597000,1,-128,0,0,-5.305746,36.145387,2520,207,07-MAY-07 11.39.53 AM,9103831,SXJQ,Theodoros Iv,8,183,32,0,0,0,0,0,05/06 - 07.30,8.2,Gibraltar-order
224703000,0,-128,0.1,0,-6.285325,36.534555,350,65,07-MAY-07 11.42.39 AM,7826685,EHET,Ciudad De Burgos,7,123,18,0,0,0,0,0,05/03 - 10.00,5.6,Cadiz,224703000,0,-128,1,0,-6.285325,36.534555,3500,65,07-MAY-07 11.42.39 AM,7826685,EHET,Ciudad De Burgos,7,123,18,0,0,0,0,0,05/03 - 10.00,5.6,Cadiz
269077000,0,-128,17.1,0,-6.252442,35.908975,89,88,07-MAY-07 11.39.56 AM,9314375,HBEJ,Safmarine Leman,7,140,22,0,0,0,0,0,05/07 - 17.00,8.3,Algeciras,269077000,0,-128,171,0,-6.252442,35.908975,890,88,07-MAY-07 11.39.56 AM,9314375,HBEJ,Safmarine Leman,7,140,22,0,0,0,0,0,05/07 - 17.00,8.3,Algeciras
215780000,0,-128,11.7,0,-6.617785,36.364196,171,5,07-MAY-07 11.42.35 AM,9031739,9HAL8,Sichem Marbella,8,114,18,0,0,0,0,0,05/09 - 21.00,6,Tarragona,215780000,0,-128,117,0,-6.617785,36.364196,1710,5,07-MAY-07 11.42.35 AM,9031739,9HAL8,Sichem Marbella,8,114,18,0,0,0,0,0,05/09 - 21.00,6,Tarragona
477521000,5,-128,0,0,-5.358827,36.128818,103,322,07-MAY-07 11.42.23 AM,7433490,VRYW6,Nan Shan,7,201,27,0,0,0,0,0,01/31 - 21.00,11,Gibraltar,477521000,5,-128,0,0,-5.358827,36.128818,1030,322,07-MAY-07 11.42.23 AM,7433490,VRYW6,Nan Shan,7,201,27,0,0,0,0,0,01/31 - 21.00,11,Gibraltar
354034000,1,-128,0,0,-5.950236,35.778394,260,20,07-MAY-07 11.42.24 AM,9309681,HO2430,Paloma Reefer,7,69,10,0,0,0,0,0,04/07 - 19.00,5.5,At Anchoring,354034000,1,-128,0,0,-5.950236,35.778394,2600,20,07-MAY-07 11.42.24 AM,9309681,HO2430,Paloma Reefer,7,69,10,0,0,0,0,0,04/07 - 19.00,5.5,At Anchoring
249431000,1,-128,0.1,0,-5.403558,36.106038,289,196,07-MAY-07 11.42.39 AM,8026177,9HUT4,Grand Porto Cervo,7,259,32,0,0,0,0,0,05/05 - 18.00,7.1,Gibraltar,249431000,1,-128,1,0,-5.403558,36.106038,2890,196,07-MAY-07 11.42.39 AM,8026177,9HUT4,Grand Porto Cervo,7,259,32,0,0,0,0,0,05/05 - 18.00,7.1,Gibraltar
209001000,0,-128,16.6,0,-5.689666,35.901542,82,82,07-MAY-07 11.41.56 AM,9150080,C4QW2,Amrum Trader,7,132,20,0,0,0,0,0,05/08 - 10.00,5.6,Alicante,209001000,0,-128,166,0,-5.689666,35.901542,820,82,07-MAY-07 11.41.56 AM,9150080,C4QW2,Amrum Trader,7,132,20,0,0,0,0,0,05/08 - 10.00,5.6,Alicante
273412060,0,-128,9.6,0,-6.010695,35.968723,268,272,07-MAY-07 11.41.52 AM,9055187,UFWJ,Vyg,7,81,11,0,0,0,0,0,05/13 - 18.00,4.2,Flixborough/uk,273412060,0,-128,96,0,-6.010695,35.968723,2680,272,07-MAY-07 11.41.52 AM,9055187,UFWJ,Vyg,7,81,11,0,0,0,0,0,05/13 - 18.00,4.2,Flixborough/uk
224955000,5,-128,0,0,-5.43598,36.135653,225,182,07-MAY-07 11.42.25 AM,7826879,E.A.X.N,Montserrat B,7,177,25,0,0,0,0,0,05/07 - 12.00,8,Algeciras,224955000,5,-128,0,0,-5.43598,36.135653,2250,182,07-MAY-07 11.42.25 AM,7826879,E.A.X.N,Montserrat B,7,177,25,0,0,0,0,0,05/07 - 12.00,8,Algeciras
215520000,5,-128,0,0,-5.306379,35.895151,207,279,07-MAY-07 11.34.19 AM,9087867,9HSA7,Vemaoil Xxv,8,105,15,0,0,0,0,0,05/07 - 07.30,5.1,Ceuta,215520000,5,-128,0,0,-5.306379,35.895151,2070,279,07-MAY-07 11.34.19 AM,9087867,9HSA7,Vemaoil Xxv,8,105,15,0,0,0,0,0,05/07 - 07.30,5.1,Ceuta
236334000,0,-128,11,0,-5.71066,35.929328,82,87,07-MAY-07 11.41.45 AM,9369514,ZDHM6,Musketier,7,85,12,0,0,0,0,0,05/07 - 22.00,5.5,Algeciras,236334000,0,-128,110,0,-5.71066,35.929328,820,87,07-MAY-07 11.41.45 AM,9369514,ZDHM6,Musketier,7,85,12,0,0,0,0,0,05/07 - 22.00,5.5,Algeciras
242046000,1,-128,0.6,0,-5.416133,36.103311,94,138,07-MAY-07 11.40.37 AM,7600005,CNOF,Fes,7,90,14,0,0,0,0,0,04/30 - 07.00,3.8,Algeciras,242046000,1,-128,6,0,-5.416133,36.103311,940,138,07-MAY-07 11.40.37 AM,7600005,CNOF,Fes,7,90,14,0,0,0,0,0,04/30 - 07.00,3.8,Algeciras
636012932,1,-128,0.2,0,-5.382925,36.130097,172,95,07-MAY-07 11.40.36 AM,8411255,A8JF7,Aegean Xi,8,134,20,0,0,0,0,0,05/04 - 12.00,8.4,Gibraltar,636012932,1,-128,2,0,-5.382925,36.130097,1720,95,07-MAY-07 11.40.36 AM,8411255,A8JF7,Aegean Xi,8,134,20,0,0,0,0,0,05/04 - 12.00,8.4,Gibraltar
220236000,0,-128,12.8,0,-4.137757,36.127228,81,81,07-MAY-07 11.41.50 AM,9122112,OXNJ2,Clipper Nadja,8,100,14,0,0,0,0,0,05/09 - 02.00,5,Barcelona,220236000,0,-128,128,0,-4.137757,36.127228,810,81,07-MAY-07 11.41.50 AM,9122112,OXNJ2,Clipper Nadja,8,100,14,0,0,0,0,0,05/09 - 02.00,5,Barcelona
258676000,0,-128,15.7,0,-6.548632,35.892117,88,88,07-MAY-07 11.41.13 AM,9301524,LAIX6,Sks Satilla,8,324,48,0,0,0,0,0,05/07 - 18.00,9.3,Gibraltar,258676000,0,-128,157,0,-6.548632,35.892117,880,88,07-MAY-07 11.41.13 AM,9301524,LAIX6,Sks Satilla,8,324,48,0,0,0,0,0,05/07 - 18.00,9.3,Gibraltar
248521000,1,-128,0.2,0,-5.370818,36.136187,160,286,07-MAY-07 11.42.25 AM,8410665,9HHS6,Vemaoil Ix,8,100,15,0,0,0,0,0,10/29 - 20.12,6.5,Gibraltar,248521000,1,-128,2,0,-5.370818,36.136187,1600,286,07-MAY-07 11.42.25 AM,8410665,9HHS6,Vemaoil Ix,8,100,15,0,0,0,0,0,10/29 - 20.12,6.5,Gibraltar
419633000,1,-128,0.3,0,-5.295415,36.122358,174,174,07-MAY-07 11.41.13 AM,8814756,AUPR,Maharshi Vamadeva,8,0,0,0,0,0,0,0,04/23 - 12.00,8.5,Gibraltar,419633000,1,-128,3,0,-5.295415,36.122358,1740,174,07-MAY-07 11.41.13 AM,8814756,AUPR,Maharshi Vamadeva,8,0,0,0,0,0,0,0,04/23 - 12.00,8.5,Gibraltar
319173000,5,-128,0.1,0,-5.358199,36.137521,121,158,07-MAY-07 11.32.26 AM,1008700,ZCPS6,Kismet,37,68,14,0,0,0,0,0,05/08 - 09.00,3.6,Gibraltar,319173000,5,-128,1,0,-5.358199,36.137521,1210,158,07-MAY-07 11.32.26 AM,1008700,ZCPS6,Kismet,37,68,14,0,0,0,0,0,05/08 - 09.00,3.6,Gibraltar
242582000,0,-128,0.1,0,-6.283845,36.528337,179,171,07-MAY-07 11.41.48 AM,7915101,CNA4026,Mistral Express,6,144,22,0,0,0,0,0,03/04 - 08.30,6.4,Cadix,242582000,0,-128,1,0,-6.283845,36.528337,1790,171,07-MAY-07 11.41.48 AM,7915101,CNA4026,Mistral Express,6,144,22,0,0,0,0,0,03/04 - 08.30,6.4,Cadix
445874000,8,-128,8.4,0,-6.447141,35.576413,49,36,07-MAY-07 11.42.32 AM,7422556,HMZQ3,Dream,7,92,20,0,0,0,0,0,05/12 - 05.30,5.1,Genova,445874000,8,-128,84,0,-6.447141,35.576413,490,36,07-MAY-07 11.42.32 AM,7422556,HMZQ3,Dream,7,92,20,0,0,0,0,0,05/12 - 05.30,5.1,Genova
311223000,0,-128,15,0,-4.905517,36.02075,79,82,07-MAY-07 11.42.42 AM,9183582,C6VW2,Sonia,8,183,32,0,0,0,0,0,05/09 - 20.00,6.8,Sarroch,311223000,0,-128,150,0,-4.905517,36.02075,790,82,07-MAY-07 11.42.42 AM,9183582,C6VW2,Sonia,8,183,32,0,0,0,0,0,05/09 - 20.00,6.8,Sarroch
235010370,1,-128,0.1,0,-5.324369,36.123692,124,230,07-MAY-07 11.42.23 AM,9031973,MLAR2,Ocean Primero,8,101,14,0,0,0,0,0,05/05 - 08.00,3.9,Algeciras,235010370,1,-128,1,0,-5.324369,36.123692,1240,230,07-MAY-07 11.42.23 AM,9031973,MLAR2,Ocean Primero,8,101,14,0,0,0,0,0,05/05 - 08.00,3.9,Algeciras
304888000,5,-128,0.1,0,-5.419177,36.175803,279,337,07-MAY-07 11.39.20 AM,9306407,V2BP3,Creola,7,108,18,0,0,0,0,0,05/07 - 23.00,4.4,Motril,304888000,5,-128,1,0,-5.419177,36.175803,2790,337,07-MAY-07 11.39.20 AM,9306407,V2BP3,Creola,7,108,18,0,0,0,0,0,05/07 - 23.00,4.4,Motril
271000269,0,-128,13.5,0,-5.118174,35.996006,84,84,07-MAY-07 11.42.02 AM,9040936,TCGK,M/v Atasoylar,7,98,14,0,0,0,0,0,05/14 - 09.00,6.6,Diliskelesi Turkey,271000269,0,-128,135,0,-5.118174,35.996006,840,84,07-MAY-07 11.42.02 AM,9040936,TCGK,M/v Atasoylar,7,98,14,0,0,0,0,0,05/14 - 09.00,6.6,Diliskelesi Turkey
304633000,5,-128,0,0,-5.435964,36.137617,282,182,07-MAY-07 11.38.27 AM,9246542,V2BW9,Confianza,7,134,20,0,0,0,0,0,05/07 - 06.00,6.6,Algeciras,304633000,5,-128,0,0,-5.435964,36.137617,2820,182,07-MAY-07 11.38.27 AM,9246542,V2BW9,Confianza,7,134,20,0,0,0,0,0,05/07 - 06.00,6.6,Algeciras
235254000,5,-128,0,0,-5.364507,36.147448,193,180,07-MAY-07 11.31.01 AM,8802870,Z NOR 2,Hebridean Spirit,6,90,15,0,0,0,0,0,05/06 - 10.30,4.2,Gibraltar,235254000,5,-128,0,0,-5.364507,36.147448,1930,180,07-MAY-07 11.31.01 AM,8802870,Z NOR 2,Hebridean Spirit,6,90,15,0,0,0,0,0,05/06 - 10.30,4.2,Gibraltar
375151000,5,-128,0.1,0,-5.431142,36.13101,181,152,07-MAY-07 11.40.09 AM,8711875,J8B3257,Mamola Trader,8,76,14,0,0,0,0,0,04/23 - 17.00,3.5,Algeciras,375151000,5,-128,1,0,-5.431142,36.13101,1810,152,07-MAY-07 11.40.09 AM,8711875,J8B3257,Mamola Trader,8,76,14,0,0,0,0,0,04/23 - 17.00,3.5,Algeciras
371099000,1,-128,0.3,0,-5.319292,36.140715,235,213,07-MAY-07 11.39.26 AM,8008383,3EGL7,Lingegas,8,81,14,0,0,0,0,0,05/06 - 05.40,4.4,Gibraltar,371099000,1,-128,3,0,-5.319292,36.140715,2350,213,07-MAY-07 11.39.26 AM,8008383,3EGL7,Lingegas,8,81,14,0,0,0,0,0,05/06 - 05.40,4.4,Gibraltar
224741000,5,-128,0,0,-4.418823,36.715341,73,339,07-MAY-07 11.34.41 AM,8030178,EDUY,Volcan De Tinache,7,85,16,0,0,0,0,0,05/04 - 20.00,4.5,Malaga,224741000,5,-128,0,0,-4.418823,36.715341,730,339,07-MAY-07 11.34.41 AM,8030178,EDUY,Volcan De Tinache,7,85,16,0,0,0,0,0,05/04 - 20.00,4.5,Malaga
636091064,5,-128,0.1,0,-4.419525,36.703596,188,7,07-MAY-07 11.40.58 AM,9299927,A8JB3,Maersk Seville,7,334,42,0,0,0,0,0,05/09 - 18.00,9.3,Valencia,636091064,5,-128,1,0,-4.419525,36.703596,1880,7,07-MAY-07 11.40.58 AM,9299927,A8JB3,Maersk Seville,7,334,42,0,0,0,0,0,05/09 - 18.00,9.3,Valencia
538070023,5,-128,0,0,-5.362135,36.147508,85,180,07-MAY-07 11.40.23 AM,1006403,V7EP6,Pegasus,37,63,12,0,0,0,0,0,03/31 - 00.00,0,Gibraltar,538070023,5,-128,0,0,-5.362135,36.147508,850,180,07-MAY-07 11.40.23 AM,1006403,V7EP6,Pegasus,37,63,12,0,0,0,0,0,03/31 - 00.00,0,Gibraltar
319667000,5,-128,13.2,0,-4.627427,36.188892,78,71,07-MAY-07 11.42.17 AM,8991267,ZCGD,Monte Carlo,37,40,8,0,0,0,0,0,05/07 - 12.00,2.5,Barcelona,319667000,5,-128,132,0,-4.627427,36.188892,780,71,07-MAY-07 11.42.17 AM,8991267,ZCGD,Monte Carlo,37,40,8,0,0,0,0,0,05/07 - 12.00,2.5,Barcelona
257774000,1,-128,0.2,0,-5.383167,36.130333,184,98,07-MAY-07 11.41.21 AM,9002776,LAKE4,Bergeland,7,338,55,0,0,0,0,0,05/05 - 16.00,12.6,Gibraltar,257774000,1,-128,2,0,-5.383167,36.130333,1840,98,07-MAY-07 11.41.21 AM,9002776,LAKE4,Bergeland,7,338,55,0,0,0,0,0,05/05 - 16.00,12.6,Gibraltar
232003768,5,-128,0.1,0,-5.362687,36.148099,192,67,07-MAY-07 11.41.29 AM,6901488,GYYM,Mumbles,52,34,9,0,0,0,0,0,00/00 - 24.60,4.7,,232003768,5,-128,1,0,-5.362687,36.148099,1920,67,07-MAY-07 11.41.29 AM,6901488,GYYM,Mumbles,52,34,9,0,0,0,0,0,00/00 - 24.60,4.7,
356636000,5,-128,0,0,-5.355348,36.132064,184,67,07-MAY-07 11.41.47 AM,700678000,HO3002,Ocean Alert,9,71,11,0,0,0,0,0,04/30 - 10.00,5.2,Gibraltar,356636000,5,-128,0,0,-5.355348,36.132064,1840,67,07-MAY-07 11.41.47 AM,700678000,HO3002,Ocean Alert,9,71,11,0,0,0,0,0,04/30 - 10.00,5.2,Gibraltar
306386000,1,-128,0,0,-5.420097,36.159155,0,171,07-MAY-07 11.41.48 AM,919368000,PJKR,Pluto,7,194,28,0,0,0,0,0,05/06 - 19.30,8.1,Algeciras,306386000,1,-128,0,0,-5.420097,36.159155,0,171,07-MAY-07 11.41.48 AM,919368000,PJKR,Pluto,7,194,28,0,0,0,0,0,05/06 - 19.30,8.1,Algeciras
431451000,1,-128,0,0,-5.603022,36.006873,206,52,07-MAY-07 11.39.11 AM,9004358,JICO,Corona Reefer,7,0,0,0,0,0,0,0,04/17 - 10.00,3.9,Algeciras,431451000,1,-128,0,0,-5.603022,36.006873,2060,52,07-MAY-07 11.39.11 AM,9004358,JICO,Corona Reefer,7,0,0,0,0,0,0,0,04/17 - 10.00,3.9,Algeciras
215001000,5,-128,0.1,0,-5.361066,36.112968,273,306,07-MAY-07 11.40.42 AM,8223268,9HZJ6,Vemaoil Viii,8,106,16,0,0,0,0,0,02/26 - 11.18,5,Gibraltar,215001000,5,-128,1,0,-5.361066,36.112968,2730,306,07-MAY-07 11.40.42 AM,8223268,9HZJ6,Vemaoil Viii,8,106,16,0,0,0,0,0,02/26 - 11.18,5,Gibraltar
304405000,0,-128,0.1,0,-6.47305,36.754439,45,52,07-MAY-07 11.42.20 AM,7429279,V2BI1,Acs Demonstrator,7,82,13,0,0,0,0,0,05/06 - 12.00,5.5,Sevilla,304405000,0,-128,1,0,-6.47305,36.754439,450,52,07-MAY-07 11.42.20 AM,7429279,V2BI1,Acs Demonstrator,7,82,13,0,0,0,0,0,05/06 - 12.00,5.5,Sevilla
304244000,0,-128,15,0,-5.892015,35.910535,87,88,07-MAY-07 11.42.17 AM,9137739,V2HA6,Bbc Anglia,7,101,16,0,0,0,0,0,05/22 - 06.00,5.4,Ras Laffan,304244000,0,-128,150,0,-5.892015,35.910535,870,88,07-MAY-07 11.42.17 AM,9137739,V2HA6,Bbc Anglia,7,101,16,0,0,0,0,0,05/22 - 06.00,5.4,Ras Laffan
354899000,0,-128,19.1,0,-5.676527,35.910724,92,92,07-MAY-07 11.41.48 AM,9283875,H9NY,Phoenix Leader,7,199,32,0,0,0,0,0,04/11 - 19.00,9,Suez,354899000,0,-128,191,0,-5.676527,35.910724,920,92,07-MAY-07 11.41.48 AM,9283875,H9NY,Phoenix Leader,7,199,32,0,0,0,0,0,04/11 - 19.00,9,Suez
235760000,1,-128,0.1,0,-5.402429,36.093408,290,208,07-MAY-07 11.39.15 AM,9253715,MCDN 3,Methane Princess,8,279,43,0,0,0,0,0,05/05 - 08.00,9.2,Algeciras,235760000,1,-128,1,0,-5.402429,36.093408,2900,208,07-MAY-07 11.39.15 AM,9253715,MCDN 3,Methane Princess,8,279,43,0,0,0,0,0,05/05 - 08.00,9.2,Algeciras
356075000,0,-128,0.4,0,-5.318226,36.130112,258,221,07-MAY-07 11.42.29 AM,6904442,3EKE8,Laieta,8,208,30,0,0,0,0,0,05/07 - 15.00,7.5,Algeciras,356075000,0,-128,4,0,-5.318226,36.130112,2580,221,07-MAY-07 11.42.29 AM,6904442,3EKE8,Laieta,8,208,30,0,0,0,0,0,05/07 - 15.00,7.5,Algeciras
205421000,1,-128,0.1,0,-5.31179,36.12134,92,258,07-MAY-07 11.41.38 AM,9230050,ONCE,Excalibur,8,277,43,0,0,0,0,0,04/21 - 10.00,9,Gibraltar Opl,205421000,1,-128,1,0,-5.31179,36.12134,920,258,07-MAY-07 11.41.38 AM,9230050,ONCE,Excalibur,8,277,43,0,0,0,0,0,04/21 - 10.00,9,Gibraltar Opl
244148000,5,-128,0,0,-5.364039,36.147479,157,180,07-MAY-07 11.39.49 AM,8611180,PIII,Volvox Scaldia,33,81,14,0,0,0,0,0,05/05 - 12.00,4,Gibraltar,244148000,5,-128,0,0,-5.364039,36.147479,1570,180,07-MAY-07 11.39.49 AM,8611180,PIII,Volvox Scaldia,33,81,14,0,0,0,0,0,05/05 - 12.00,4,Gibraltar
123123123,0,-128,0.1,0,-6.327128,36.62629,163,182,07-MAY-07 11.41.46 AM,147258369,0,Cpt Cia,35,0,0,0,0,0,0,0,00/00 - 24.60,25.5,,123123123,0,-128,1,0,-6.327128,36.62629,1630,182,07-MAY-07 11.41.46 AM,147258369,0,Cpt Cia,35,0,0,0,0,0,0,0,00/00 - 24.60,25.5,
269084000,5,-128,0.1,0,-5.4356,36.14142,5,182,07-MAY-07 11.30.40 AM,9311737,HBDU,Maersk Jenaz,7,220,30,0,0,0,0,0,05/15 - 05.00,8.4,Vitoria,269084000,5,-128,1,0,-5.4356,36.14142,50,182,07-MAY-07 11.30.40 AM,9311737,HBDU,Maersk Jenaz,7,220,30,0,0,0,0,0,05/15 - 05.00,8.4,Vitoria
375311000,5,-128,0.1,0,-5.800246,35.787054,110,233,07-MAY-07 11.41.05 AM,7911583,J8XJ6,Chronis,7,80,13,0,0,0,0,0,00/00 - 00.00,6.1,,375311000,5,-128,1,0,-5.800246,35.787054,1100,233,07-MAY-07 11.41.05 AM,7911583,J8XJ6,Chronis,7,80,13,0,0,0,0,0,00/00 - 00.00,6.1,
244321000,0,-128,11,0,-6.387473,36.382917,160,160,07-MAY-07 11.42.41 AM,9306691,PHBX,Tuna,7,89,13,0,0,0,0,0,05/07 - 19.00,5.2,Ceuta,244321000,0,-128,110,0,-6.387473,36.382917,1600,160,07-MAY-07 11.42.41 AM,9306691,PHBX,Tuna,7,89,13,0,0,0,0,0,05/07 - 19.00,5.2,Ceuta
224195530,5,-128,0.1,0,-5.431268,36.131898,186,8,07-MAY-07 11.40.07 AM,9116113,EAES,Jaume Ii,4,81,20,0,0,0,0,0,06/08 - 12.40,3.1,Gibraltar,224195530,5,-128,1,0,-5.431268,36.131898,1860,8,07-MAY-07 11.40.07 AM,9116113,EAES,Jaume Ii,4,81,20,0,0,0,0,0,06/08 - 12.40,3.1,Gibraltar
215294000,5,-128,0.1,0,-5.377111,36.137008,211,102,07-MAY-07 11.38.27 AM,9088108,9HJE7,Vemaoil Xv,8,91,13,0,0,0,0,0,02/02 - 17.00,6.1,Gibraltar,215294000,5,-128,1,0,-5.377111,36.137008,2110,102,07-MAY-07 11.38.27 AM,9088108,9HJE7,Vemaoil Xv,8,91,13,0,0,0,0,0,02/02 - 17.00,6.1,Gibraltar
271000594,5,-128,0.1,0,-5.79932,35.787658,174,49,07-MAY-07 11.40.42 AM,8325896,TCWK,Kaptan Nevzat Kacar,7,185,23,0,0,0,0,0,04/29 - 12.00,9,Tanger,271000594,5,-128,1,0,-5.79932,35.787658,1740,49,07-MAY-07 11.40.42 AM,8325896,TCWK,Kaptan Nevzat Kacar,7,185,23,0,0,0,0,0,04/29 - 12.00,9,Tanger
236369000,1,-128,0,0,-5.368322,36.129007,256,61,07-MAY-07 11.40.44 AM,8033314,ZDHU9,M/t Fos(-.-),39,242,32,0,0,0,0,0,12/28 - 02.00,9.3,Gibraltar,236369000,1,-128,0,0,-5.368322,36.129007,2560,61,07-MAY-07 11.40.44 AM,8033314,ZDHU9,M/t Fos(-.-),39,242,32,0,0,0,0,0,12/28 - 02.00,9.3,Gibraltar
312186000,1,-128,0.1,0,-5.415901,36.111126,16,217,07-MAY-07 11.40.59 AM,7637632,V3ZS2,Lillian,7,81,14,0,0,0,0,0,05/07 - 00.05,5.1,Algeciras,312186000,1,-128,1,0,-5.415901,36.111126,160,217,07-MAY-07 11.40.59 AM,7637632,V3ZS2,Lillian,7,81,14,0,0,0,0,0,05/07 - 00.05,5.1,Algeciras
236053000,5,-128,0.2,0,-5.370815,36.141848,200,117,07-MAY-07 11.40.14 AM,9237163,ZDFU5,Spabunker Twenty,8,73,16,0,0,0,0,0,01/01 - 00.00,5.5,Gibraltar Bay,236053000,5,-128,2,0,-5.370815,36.141848,2000,117,07-MAY-07 11.40.14 AM,9237163,ZDFU5,Spabunker Twenty,8,73,16,0,0,0,0,0,01/01 - 00.00,5.5,Gibraltar Bay
236213000,1,-128,0.1,0,-5.389716,36.175515,273,169,07-MAY-07 11.41.05 AM,9268241,ZDFW5,Willy,8,106,16,0,0,0,0,0,05/07 - 05.00,5.8,Algeciras,236213000,1,-128,1,0,-5.389716,36.175515,2730,169,07-MAY-07 11.41.05 AM,9268241,ZDFW5,Willy,8,106,16,0,0,0,0,0,05/07 - 05.00,5.8,Algeciras
309382000,5,-128,0.1,0,-5.430516,36.137869,173,1,07-MAY-07 11.36.34 AM,9106106,C6QU9,Thundercat 1,4,78,26,0,0,0,0,0,00/00 - 00.00,3.5,Tarifa/tanger/tarifa,309382000,5,-128,1,0,-5.430516,36.137869,1730,1,07-MAY-07 11.36.34 AM,9106106,C6QU9,Thundercat 1,4,78,26,0,0,0,0,0,00/00 - 00.00,3.5,Tarifa/tanger/tarifa
215510000,1,-128,0.4,0,-5.407051,36.119035,64,4,07-MAY-07 11.33.53 AM,8819196,9HRJ7,Runner A,8,167,27,0,0,0,0,0,05/04 - 01.00,10,Algeciras,215510000,1,-128,4,0,-5.407051,36.119035,640,4,07-MAY-07 11.33.53 AM,8819196,9HRJ7,Runner A,8,167,27,0,0,0,0,0,05/04 - 01.00,10,Algeciras
224390000,1,-128,0,0,-5.439026,36.132963,112,18,07-MAY-07 11.39.59 AM,9107203,EBWW,Alcantara Dos,4,79,23,0,0,0,0,0,10/25 - 00.00,0,Algeciras,224390000,1,-128,0,0,-5.439026,36.132963,1120,18,07-MAY-07 11.39.59 AM,9107203,EBWW,Alcantara Dos,4,79,23,0,0,0,0,0,10/25 - 00.00,0,Algeciras
224446000,5,-128,0,0,-4.416618,36.717629,114,250,07-MAY-07 11.40.17 AM,91131599,EAMM,Almudaina,4,96,15,0,0,0,0,0,10/30 - 14.00,2.5,Malaga,224446000,5,-128,0,0,-4.416618,36.717629,1140,250,07-MAY-07 11.40.17 AM,91131599,EAMM,Almudaina,4,96,15,0,0,0,0,0,10/30 - 14.00,2.5,Malaga
219,5,-128,0,0,-6.262566,36.502311,0,137,07-MAY-07 11.34.26 AM,8027781,OZPK2,Peter Faber,33,78,14,0,0,0,0,0,05/05 - 19.00,5,Cadiz,219.000,5,-128,0,0,-6.262566,36.502311,0,137,07-MAY-07 11.34.26 AM,8027781,OZPK2,Peter Faber,33,78,14,0,0,0,0,0,05/05 - 19.00,5,Cadiz
538001578,0,-128,15.5,0,-4.964339,36.15094,77,80,07-MAY-07 11.41.44 AM,9215086,V7CY5,Rhone,8,182,28,0,0,0,0,0,05/09 - 19.00,7.4,Sarroch,538001578,0,-128,155,0,-4.964339,36.15094,770,80,07-MAY-07 11.41.44 AM,9215086,V7CY5,Rhone,8,182,28,0,0,0,0,0,05/09 - 19.00,7.4,Sarroch
319854000,5,-128,0,0,-5.269975,36.288113,0,21,07-MAY-07 11.41.58 AM,1000447,ZCIP8,Va Bene,9,50,10,0,0,0,0,0,11/07 - 12.00,3.5,Bvi,319854000,5,-128,0,0,-5.269975,36.288113,0,21,07-MAY-07 11.41.58 AM,1000447,ZCIP8,Va Bene,9,50,10,0,0,0,0,0,11/07 - 12.00,3.5,Bvi
220156000,0,-128,16.7,0,-6.558942,35.453402,42,43,07-MAY-07 11.39.45 AM,8820004,OUVE2,Troense Maersk,7,162,28,0,0,0,0,0,05/07 - 23.00,7,Malaga,220156000,0,-128,167,0,-6.558942,35.453402,420,43,07-MAY-07 11.39.45 AM,8820004,OUVE2,Troense Maersk,7,162,28,0,0,0,0,0,05/07 - 23.00,7,Malaga
224116370,0,-128,0.1,0,-5.603135,36.008615,228,229,07-MAY-07 11.40.40 AM,0,EA7028,Salvamar Alkaid,51,0,0,0,0,0,0,0,00/00 - 24.60,1.1,No Destination,224116370,0,-128,1,0,-5.603135,36.008615,2280,229,07-MAY-07 11.40.40 AM,0,EA7028,Salvamar Alkaid,51,0,0,0,0,0,0,0,00/00 - 24.60,1.1,No Destination
248271000,0,-128,12.2,0,-6.485945,35.957678,105,103,07-MAY-07 11.41.52 AM,8105428,9HXS5,Tk Odessa,7,109,16,0,0,0,0,0,05/09 - 12.00,7.4,Alger,248271000,0,-128,122,0,-6.485945,35.957678,1050,103,07-MAY-07 11.41.52 AM,8105428,9HXS5,Tk Odessa,7,109,16,0,0,0,0,0,05/09 - 12.00,7.4,Alger
255802470,8,-128,6.7,0,-6.831247,36.22511,288,288,07-MAY-07 11.39.15 AM,9030474,CQPV,Lass Moon,7,75,11,0,0,0,0,0,05/13 - 10.00,4.3,La Rochelle,255802470,8,-128,67,0,-6.831247,36.22511,2880,288,07-MAY-07 11.39.15 AM,9030474,CQPV,Lass Moon,7,75,11,0,0,0,0,0,05/13 - 10.00,4.3,La Rochelle
304262000,5,-128,0.1,0,-6.181045,36.493506,171,149,07-MAY-07 11.41.07 AM,9141053,V2JA8,North Express,7,118,20,0,0,0,0,0,04/19 - 07.00,4,Cadiz,304262000,5,-128,1,0,-6.181045,36.493506,1710,149,07-MAY-07 11.41.07 AM,9141053,V2JA8,North Express,7,118,20,0,0,0,0,0,04/19 - 07.00,4,Cadiz
247187700,5,-128,0,0,-6.290318,36.534687,44,44,07-MAY-07 11.40.57 AM,9334856,ICDH,Aidadiva,6,252,38,0,0,0,0,0,05/07 - 06.00,7.2,Cadiz  Spain,247187700,5,-128,0,0,-6.290318,36.534687,440,44,07-MAY-07 11.40.57 AM,9334856,ICDH,Aidadiva,6,252,38,0,0,0,0,0,05/07 - 06.00,7.2,Cadiz  Spain
215197000,0,-128,7.1,0,-4.180566,36.179342,262,262,07-MAY-07 11.42.35 AM,9076466,9HVJ5,Midland 1,7,140,16,0,0,0,0,0,05/08 - 12.00,4.7,Sevilla,215197000,0,-128,71,0,-4.180566,36.179342,2620,262,07-MAY-07 11.42.35 AM,9076466,9HVJ5,Midland 1,7,140,16,0,0,0,0,0,05/08 - 12.00,4.7,Sevilla
636012923,0,-128,8.8,0,-4.38719,36.144722,260,261,07-MAY-07 11.36.11 AM,8206533,A8JD6,Valentia,7,89,19,0,0,0,0,0,,5,,636012923,0,-128,88,0,-4.38719,36.144722,2600,261,07-MAY-07 11.36.11 AM,8206533,A8JD6,Valentia,7,89,19,0,0,0,0,0,,5,
242904000,5,-128,3.2,0,-5.49072,35.897205,51,51,07-MAY-07 11.42.30 AM,9370161,CNA4275,Abeille Dalia,52,28,10,0,0,0,0,0,03/22 - 00.00,5,Tanger Med,242904000,5,-128,32,0,-5.49072,35.897205,510,51,07-MAY-07 11.42.30 AM,9370161,CNA4275,Abeille Dalia,52,28,10,0,0,0,0,0,03/22 - 00.00,5,Tanger Med
242903000,15,-128,6.1,0,-5.493265,35.898498,200,200,07-MAY-07 11.42.01 AM,9366718,CNA4276,Abeille Cires,9,28,10,0,0,0,0,0,02/24 - 10.00,4.6,None,242903000,15,-128,61,0,-5.493265,35.898498,2000,200,07-MAY-07 11.42.01 AM,9366718,CNA4276,Abeille Cires,9,28,10,0,0,0,0,0,02/24 - 10.00,4.6,None
235011570,5,-128,0.1,0,-6.286672,36.537611,297,44,07-MAY-07 11.32.06 AM,9313228,MNVK9,Barmbek,7,169,27,0,0,0,0,0,05/06 - 12.00,8.8,Cadiz.spain,235011570,5,-128,1,0,-6.286672,36.537611,2970,44,07-MAY-07 11.32.06 AM,9313228,MNVK9,Barmbek,7,169,27,0,0,0,0,0,05/06 - 12.00,8.8,Cadiz.spain
235054473,5,-128,0.1,0,-5.354837,36.148797,161,104,07-MAY-07 11.40.34 AM,0,MRMY4,No Escape,37,45,9,0,0,0,0,0,03/29 - 19.30,2.5,Gibraltar Marina Bay,235054473,5,-128,1,0,-5.354837,36.148797,1610,104,07-MAY-07 11.40.34 AM,0,MRMY4,No Escape,37,45,9,0,0,0,0,0,03/29 - 19.30,2.5,Gibraltar Marina Bay
257730000,1,-128,0.3,0,-6.332188,36.5715,82,347,07-MAY-07 11.39.54 AM,9155808,LAQK5,Front Brabant,8,267,46,0,0,0,0,0,05/19 - 16.00,5.5,Cadiz,257730000,1,-128,3,0,-6.332188,36.5715,820,347,07-MAY-07 11.39.54 AM,9155808,LAQK5,Front Brabant,8,267,46,0,0,0,0,0,05/19 - 16.00,5.5,Cadiz
